date,day,platform,content_type,pain_point,service,script_file_path,status
2026-08-10,Mon,LinkedIn,Pain Point Post,Disconnected marketing tools,Digital Marketing Infrastructure,C:\Users\mpofa\agent-team\my_website\mot_innovation\automation\content_engine\scripts\linkedin_post_disconnected_marketing_tools_20260804_220606.md,published
2026-08-11,Tue,YouTube,Short (60s),Manual social media posting takes too long,Multi-Endpoint Delivery,C:\Users\mpofa\agent-team\my_website\mot_innovation\automation\content_engine\scripts\yt_short_manual_social_media_posting_takes_too_long_20260804_220606.md,published
2026-08-12,Wed,LinkedIn,Case Study Carousel,Scattered marketing assets / no DAM,Digital Marketing Infrastructure,,draft
2026-08-13,Thu,YouTube,Short (60s),Marketing reporting takes too long,Performance Tracking & Reporting,C:\Users\mpofa\agent-team\my_website\mot_innovation\automation\content_engine\scripts\yt_short_marketing_reporting_takes_too_long_20260804_220606.md,published
2026-08-14,Fri,LinkedIn,Educational Post,Disconnected marketing tools,Digital Marketing Infrastructure,C:\Users\mpofa\agent-team\my_website\mot_innovation\automation\content_engine\scripts\linkedin_post_disconnected_marketing_tools_20260804_220606.md,published
2026-08-15,Sat,YouTube,Long-form (5min),Wasting money on ads / no A/B testing,Campaign Optimization,C:\Users\mpofa\agent-team\my_website\mot_innovation\automation\content_engine\scripts\yt_short_wasting_money_on_ads_no_a_b_testing_20260804_220606.md,published
2026-08-16,Sun,Rest,—,—,—,,rest
2026-08-17,Mon,LinkedIn,Pain Point Post,Want someone to BUILD not just advise,Digital Marketing Infrastructure,C:\Users\mpofa\agent-team\my_website\mot_innovation\automation\content_engine\scripts\linkedin_post_want_someone_to_build_not_just_advise_20260804_220606.md,published
2026-08-18,Tue,YouTube,Short (60s),Disconnected marketing tools,Digital Marketing Infrastructure,C:\Users\mpofa\agent-team\my_website\mot_innovation\automation\content_engine\scripts\yt_short_disconnected_marketing_tools_20260804_220511.md,published
2026-08-19,Wed,LinkedIn,Case Study Carousel,Manual social media posting takes too long,Multi-Endpoint Delivery,,draft
2026-08-20,Thu,YouTube,Short (60s),Scattered marketing assets / no DAM,Digital Marketing Infrastructure,C:\Users\mpofa\agent-team\my_website\mot_innovation\automation\content_engine\scripts\yt_short_scattered_marketing_assets_no_dam_20260804_220606.md,published
2026-08-21,Fri,LinkedIn,Educational Post,Marketing reporting takes too long,Performance Tracking & Reporting,C:\Users\mpofa\agent-team\my_website\mot_innovation\automation\content_engine\scripts\linkedin_post_marketing_reporting_takes_too_long_20260804_220606.md,published
2026-08-22,Sat,YouTube,Long-form (5min),Marketing reporting takes too long,Performance Tracking & Reporting,C:\Users\mpofa\agent-team\my_website\mot_innovation\automation\content_engine\scripts\yt_short_marketing_reporting_takes_too_long_20260804_220606.md,published
2026-08-23,Sun,Rest,—,—,—,,rest
2026-08-24,Mon,LinkedIn,Pain Point Post,Wasting money on ads / no A/B testing,Campaign Optimization,C:\Users\mpofa\agent-team\my_website\mot_innovation\automation\content_engine\scripts\linkedin_post_wasting_money_on_ads_no_a_b_testing_20260804_220606.md,published
2026-08-25,Tue,YouTube,Short (60s),Want someone to BUILD not just advise,Digital Marketing Infrastructure,C:\Users\mpofa\agent-team\my_website\mot_innovation\automation\content_engine\scripts\yt_short_want_someone_to_build_not_just_advise_20260804_220606.md,published
2026-08-26,Wed,LinkedIn,Case Study Carousel,Disconnected marketing tools,Digital Marketing Infrastructure,,draft
2026-08-27,Thu,YouTube,Short (60s),Manual social media posting takes too long,Multi-Endpoint Delivery,C:\Users\mpofa\agent-team\my_website\mot_innovation\automation\content_engine\scripts\yt_short_manual_social_media_posting_takes_too_long_20260804_220606.md,published
2026-08-28,Fri,LinkedIn,Educational Post,Manual social media posting takes too long,Multi-Endpoint Delivery,C:\Users\mpofa\agent-team\my_website\mot_innovation\automation\content_engine\scripts\linkedin_post_manual_social_media_posting_takes_too_long_20260804_220606.md,published
2026-08-29,Sat,YouTube,Long-form (5min),Scattered marketing assets / no DAM,Digital Marketing Infrastructure,C:\Users\mpofa\agent-team\my_website\mot_innovation\automation\content_engine\scripts\yt_short_scattered_marketing_assets_no_dam_20260804_220606.md,published
2026-08-30,Sun,Rest,—,—,—,,rest
2026-08-31,Mon,LinkedIn,Pain Point Post,Marketing reporting takes too long,Performance Tracking & Reporting,C:\Users\mpofa\agent-team\my_website\mot_innovation\automation\content_engine\scripts\linkedin_post_marketing_reporting_takes_too_long_20260804_220606.md,published
2026-09-01,Tue,YouTube,Short (60s),Wasting money on ads / no A/B testing,Campaign Optimization,C:\Users\mpofa\agent-team\my_website\mot_innovation\automation\content_engine\scripts\yt_short_wasting_money_on_ads_no_a_b_testing_20260804_220606.md,published
2026-09-02,Wed,LinkedIn,Case Study Carousel,Want someone to BUILD not just advise,Digital Marketing Infrastructure,,draft
2026-09-03,Thu,YouTube,Short (60s),Disconnected marketing tools,Digital Marketing Infrastructure,C:\Users\mpofa\agent-team\my_website\mot_innovation\automation\content_engine\scripts\yt_short_disconnected_marketing_tools_20260804_220511.md,published
2026-09-04,Fri,LinkedIn,Educational Post,Wasting money on ads / no A/B testing,Campaign Optimization,C:\Users\mpofa\agent-team\my_website\mot_innovation\automation\content_engine\scripts\linkedin_post_wasting_money_on_ads_no_a_b_testing_20260804_220606.md,published
2026-09-05,Sat,YouTube,Long-form (5min),Manual social media posting takes too long,Multi-Endpoint Delivery,C:\Users\mpofa\agent-team\my_website\mot_innovation\automation\content_engine\scripts\yt_short_manual_social_media_posting_takes_too_long_20260804_220606.md,published
2026-09-06,Sun,Rest,—,—,—,,rest
2026-09-07,Mon,LinkedIn,Pain Point Post,Scattered marketing assets / no DAM,Digital Marketing Infrastructure,C:\Users\mpofa\agent-team\my_website\mot_innovation\automation\content_engine\scripts\linkedin_post_scattered_marketing_assets_no_dam_20260804_220606.md,published
2026-09-08,Tue,YouTube,Short (60s),Marketing reporting takes too long,Performance Tracking & Reporting,C:\Users\mpofa\agent-team\my_website\mot_innovation\automation\content_engine\scripts\yt_short_marketing_reporting_takes_too_long_20260804_220606.md,published
